id,first_name,last_name,email,gender,ip_address
Gudurica,Etheline,Lloyd,elloyd0@goo.ne.jp,Female,1.116.181.185
Xiashihao,Valentine,Jaegar,vjaegar1@github.com,Female,122.162.143.125
Harrison,Alfons,Longmire,alongmire2@macromedia.com,Male,18.255.131.102
Konsoy,Lemmie,Delamar,ldelamar3@chicagotribune.com,Male,28.193.169.46
Quellouno,Tad,Hinstridge,thinstridge4@toplist.cz,Male,222.52.85.188
Xinpu,Link,Kubik,lkubik5@amazon.co.uk,Male,45.36.115.218
Piła,Theresina,Garretts,tgarretts6@wsj.com,Female,98.4.22.250
Yubileyny,Linda,Parfitt,lparfitt7@ca.gov,Female,222.101.62.148
Milaor,Putnam,Speller,pspeller8@buzzfeed.com,Male,65.219.211.124
Detupia,Lou,Linsey,llinsey9@earthlink.net,Female,120.134.225.62
Itaberaba,Kellie,Bygraves,kbygravesa@a8.net,Female,158.88.222.127
Dazaifu,Keefer,Billanie,kbillanieb@dyndns.org,Male,155.168.216.94
Tegalgede,Janka,Bye,jbyec@ebay.com,Female,3.96.25.101
Kalilu,Mitchel,Kitching,mkitchingd@ca.gov,Male,44.250.180.158
Waina,Estevan,Baudesson,ebaudessone@is.gd,Male,48.157.189.48
Gondar,Micheil,Potter,mpotterf@forbes.com,Male,153.55.2.150
Gabi,Reese,Jiruch,rjiruchg@bbc.co.uk,Male,7.245.145.26
Tucheng,Frederigo,Vlasenko,fvlasenkoh@opensource.org,Male,200.125.228.194
Malakal,Timothea,Pichmann,tpichmanni@spiegel.de,Female,72.27.49.43
Vurğun,Buffy,Girk,bgirkj@uol.com.br,Female,34.107.206.199
Escazú,Clim,Semarke,csemarkek@cnet.com,Male,118.5.78.129
Puerto Cumarebo,Odille,Mellows,omellowsl@mozilla.org,Female,164.138.122.145
Mont-de-Marsan,Dallas,Daunter,ddaunterm@facebook.com,Female,81.234.241.203
Itapeva,Rriocard,Ollcott,rollcottn@creativecommons.org,Male,4.170.243.36
Kurlovo,Milo,Brennans,mbrennanso@cnet.com,Male,18.219.201.147
Fermoy,Irina,Soall,isoallp@blogs.com,Female,87.88.241.132
Pechenizhyn,Rickard,Grollmann,rgrollmannq@unc.edu,Male,93.133.192.158
La Estancia,Lyell,Kyffin,lkyffinr@com.com,Male,212.177.247.244
Mikuni,Giraldo,Dadd,gdadds@japanpost.jp,Male,67.235.99.128
Georgiyevsk,Shannen,Wadhams,swadhamst@godaddy.com,Female,12.73.132.33
Cijambe,Falito,D'Almeida,fdalmeidau@ftc.gov,Male,22.181.205.158
São João da Boa Vista,Tammy,Skeldon,tskeldonv@oakley.com,Male,8.83.19.22
Mlalo,Godfree,Quickenden,gquickendenw@soup.io,Male,5.30.240.233
Pouso Alegre,Veronike,MacSporran,vmacsporranx@google.ca,Female,127.196.48.33
Dubiecko,Ennis,Lyard,elyardy@guardian.co.uk,Male,100.60.89.29
Shūkat aş Şūfī,Derk,Zapater,dzapaterz@1688.com,Male,74.109.226.230
Polešovice,Anissa,Roles,aroles10@technorati.com,Female,104.26.137.166
Pingyao,Victoir,Danher,vdanher11@vimeo.com,Male,170.237.11.42
Akebielidou,Frannie,Dorre,fdorre12@soundcloud.com,Male,0.106.170.99
Itajuípe,Florance,Reddel,freddel13@slideshare.net,Female,8.23.65.165
Bungabon,Hyacinthia,Uwins,huwins14@dion.ne.jp,Female,19.28.17.4
Carbajales,Mia,Mathon,mmathon15@mlb.com,Female,86.58.204.253
Tanjungbahagia,Jacquetta,Kenwood,jkenwood16@shop-pro.jp,Female,176.186.138.92
Rio Negrinho,Alistair,Minshall,aminshall17@discuz.net,Male,248.47.119.176
Krajan Alastengah,Adara,Heskey,aheskey18@imageshack.us,Female,18.11.125.179
Sumberejo,Anabel,Monteath,amonteath19@creativecommons.org,Female,71.119.184.175
Kālābāgh,Siegfried,Pennini,spennini1a@alexa.com,Male,75.254.169.66
Zhangjiachang,Janot,Bilyard,jbilyard1b@accuweather.com,Female,194.201.24.202
Shiraoka,Zorana,Wringe,zwringe1c@goo.gl,Female,20.63.64.198
Cortez,Kermit,Illingsworth,killingsworth1d@state.tx.us,Male,135.127.173.27
Laiya,Olimpia,Snelman,osnelman1e@sourceforge.net,Female,229.75.144.50
Plovdiv,Washington,Crosskill,wcrosskill1f@loc.gov,Male,51.0.195.3
Boca Suno,Biddy,Reasce,breasce1g@un.org,Female,107.16.236.40
Nowosielce,Fredrika,Gonet,fgonet1h@google.com.hk,Female,69.14.31.175
Ḩarf al Musaytirah,Brook,Coaten,bcoaten1i@gov.uk,Male,171.78.58.31
Talalayivka,Richardo,Marsh,rmarsh1j@paypal.com,Male,177.204.3.53
Urbano Noris,Lenora,Mougin,lmougin1k@geocities.jp,Female,0.17.3.117
Kapenguria,Miguelita,Novik,mnovik1l@themeforest.net,Female,114.231.241.91
Hanjia,Gussie,Lindwall,glindwall1m@unblog.fr,Female,74.80.134.12
Bairro dos Marinheiros,Merle,Humburton,mhumburton1n@zimbio.com,Male,42.39.251.252
Irvine,Henrik,Dils,hdils1o@cnn.com,Male,23.1.181.233
Bender,Harvey,Dominguez,hdominguez1p@senate.gov,Male,67.215.147.142
Fenghuangdong,Tina,Gourdon,tgourdon1q@springer.com,Female,148.117.120.150
Stockholm,Karlie,Pratton,kpratton1r@yahoo.co.jp,Female,225.20.12.56
Oxelösund,Milissent,De Bruin,mdebruin1s@eventbrite.com,Female,95.143.180.154
Pedreira,Keeley,Newbatt,knewbatt1t@gnu.org,Female,70.113.36.211
Chongwen,Myrtie,Laughlin,mlaughlin1u@mtv.com,Female,30.173.146.150
Łanięta,Ritchie,Pibsworth,rpibsworth1v@google.fr,Male,225.185.37.229
Banqiao,Conn,Pusill,cpusill1w@mayoclinic.com,Male,111.177.235.131
Gyodong,Ransom,Mabee,rmabee1x@cornell.edu,Male,170.159.127.209
Xin’e,Bird,Bastow,bbastow1y@wikimedia.org,Female,82.111.147.141
Kara-Balta,Candi,Tench,ctench1z@woothemes.com,Female,198.176.122.39
Batur Kidul,Tallie,O'Neill,toneill20@twitter.com,Male,28.243.166.202
Ankazobe,Babs,Swinden,bswinden21@engadget.com,Female,0.171.56.185
Žeravice,Ralina,Hucklesby,rhucklesby22@google.nl,Female,44.182.65.90
Dmitriyevskaya,Lavena,Cornewell,lcornewell23@nps.gov,Female,117.4.73.122
Tours,Elia,Carney,ecarney24@telegraph.co.uk,Male,107.30.101.224
Neiguan,Brear,Penna,bpenna25@nature.com,Female,189.10.1.75
Venado Tuerto,Germain,Paolino,gpaolino26@wikimedia.org,Female,226.104.128.75
Jinbo,Bax,Pickston,bpickston27@goo.ne.jp,Male,65.245.24.231
Arue,Morris,Aizikovich,maizikovich28@mozilla.org,Male,191.217.159.23
Wonosari,Vonni,Conichie,vconichie29@ihg.com,Female,70.8.202.106
San Antonio,Eadith,Nance,enance2a@msu.edu,Female,35.39.27.101
Bulakan,Maxy,Giraldez,mgiraldez2b@bluehost.com,Female,189.48.127.95
María la Baja,Min,Francescone,mfrancescone2c@facebook.com,Female,38.33.217.135
Tornio,Fiann,Colbourne,fcolbourne2d@example.com,Female,217.118.229.159
Hualmay,Augy,Soal,asoal2e@bloomberg.com,Male,235.31.50.203
Rennes,Dal,Banville,dbanville2f@stanford.edu,Male,1.103.49.9
Safi,Lanny,Rewan,lrewan2g@walmart.com,Female,236.127.50.158
Consolación del Sur,Lorette,Yo,lyo2h@buzzfeed.com,Female,66.77.57.207
Waco,Kelsey,Futty,kfutty2i@chicagotribune.com,Male,37.174.130.184
Kruševica,Curt,Burrells,cburrells2j@creativecommons.org,Male,191.39.233.161
Rembes,Quint,Washbrook,qwashbrook2k@ihg.com,Male,130.24.255.250
Lagawe,Cointon,Dawkins,cdawkins2l@wufoo.com,Male,103.239.106.143
Una,Adelbert,Ferentz,aferentz2m@youtube.com,Male,10.114.29.243
Wadung,Marissa,Jeandeau,mjeandeau2n@kickstarter.com,Female,157.243.241.35
Paris 19,Archibald,Sedgemond,asedgemond2o@unc.edu,Male,4.88.179.52
Taochuan,Nesta,Lazar,nlazar2p@barnesandnoble.com,Female,47.146.203.45
Raszków,Glad,Bilverstone,gbilverstone2q@imgur.com,Female,244.240.4.111
Amherst,Farrand,Mattedi,fmattedi2r@blog.com,Female,181.40.95.168
Santiago,Jocelyn,Bettis,jbettis2s@wisc.edu,Female,200.125.197.0
Zuyevka,Neddy,Riggeard,nriggeard2t@adobe.com,Male,75.202.219.207
Yaguajay,Vachel,Corah,vcorah2u@newsvine.com,Male,193.27.50.101
Severnyy,Carie,Langelay,clangelay2v@nsw.gov.au,Female,247.10.206.195
Sukamulya,Gabie,Sheather,gsheather2w@go.com,Male,187.101.8.99
Bendilmuning,Branden,Leneve,bleneve2x@nsw.gov.au,Male,242.223.229.129
Turtas,Bevin,Sebley,bsebley2y@webmd.com,Male,187.244.222.107
Oekero,Marji,Counsell,mcounsell2z@nytimes.com,Female,59.124.142.70
Lesnoy,Phil,Huitt,phuitt30@upenn.edu,Female,130.219.202.42
Buyun,Corey,Lewerenz,clewerenz31@ucsd.edu,Female,190.70.247.161
Jiumen,Chevy,Jukes,cjukes32@addtoany.com,Male,20.127.186.47
Ash Sharyah,Tracie,Yoseloff,tyoseloff33@qq.com,Male,167.29.64.164
Nueva Gerona,Lyndy,Gloucester,lgloucester34@booking.com,Female,89.51.254.197
Clanwilliam,Calida,Lycett,clycett35@addtoany.com,Female,146.216.148.154
Radvanice,Dougy,Dymocke,ddymocke36@bbc.co.uk,Male,86.75.52.162
Mospyne,Daphne,Gilstin,dgilstin37@buzzfeed.com,Female,61.173.153.249
Tamuning-Tumon-Harmon Village,Linnie,Hammett,lhammett38@redcross.org,Female,5.75.173.53
Dalam,Alecia,Altofts,aaltofts39@arizona.edu,Female,107.81.224.9
Américo Brasiliense,Virginie,Perrington,vperrington3a@symantec.com,Female,123.178.192.161
Ziliang,Chrissy,Wrench,cwrench3b@studiopress.com,Male,40.32.64.142
Ninove,Grazia,Binge,gbinge3c@hubpages.com,Female,196.36.21.143
Toyoshina,Dahlia,Ren,dren3d@slashdot.org,Female,84.4.29.24
Qagan Obo,Niels,Lincey,nlincey3e@reuters.com,Male,7.168.41.90
Kauit,Shanta,Plumer,splumer3f@unesco.org,Female,92.233.175.136
Maslovka,Zara,Eastcourt,zeastcourt3g@yolasite.com,Female,76.108.47.177
Sidi Bouzid,Dacey,Caslett,dcaslett3h@hatena.ne.jp,Female,214.175.90.135
Jiantian,Rick,Stoven,rstoven3i@nbcnews.com,Male,43.12.40.248
Sillon,Ralf,Giorgi,rgiorgi3j@paginegialle.it,Male,215.213.39.52
Zakan-Yurt,Delinda,Diggell,ddiggell3k@trellian.com,Female,244.71.116.246
Yangzhen,Alyssa,Brauns,abrauns3l@friendfeed.com,Female,80.55.63.128
Shangdundu,Alidia,Coast,acoast3m@ft.com,Female,42.89.76.168
Nikol’skoye,Roby,Hurdiss,rhurdiss3n@omniture.com,Female,27.51.198.127
Радолишта,Ulric,Raistrick,uraistrick3o@opera.com,Male,166.2.168.131
Alicia,Kasper,Wimmers,kwimmers3p@hhs.gov,Male,146.69.10.165
Pisarzowice,Emma,Ocheltree,eocheltree3q@ustream.tv,Female,136.252.239.49
Awilega,Terry,Sedgwick,tsedgwick3r@instagram.com,Male,76.94.129.137
Linköping,Alix,Fuentez,afuentez3s@cnn.com,Female,118.210.27.227
Banayoyo,Shamus,Satteford,ssatteford3t@youtu.be,Male,250.103.143.107
Berlin,Kermie,Adamik,kadamik3u@hhs.gov,Male,239.194.148.64
Jinbo,Fayre,Chaman,fchaman3v@moonfruit.com,Female,229.77.244.136
Peukanbada,Yvette,Pellitt,ypellitt3w@ask.com,Female,89.93.89.51
Ponta Porã,Asia,Shuttlewood,ashuttlewood3x@linkedin.com,Female,165.72.1.44
Villa Serrano,Dugald,Swaden,dswaden3y@usnews.com,Male,216.64.237.165
Kefar Yona,Mitchell,Neilson,mneilson3z@berkeley.edu,Male,165.172.239.124
Hrabyně,Phyllys,Hickford,phickford40@wikispaces.com,Female,37.110.3.135
Zaoshi,Birk,Kiddye,bkiddye41@nifty.com,Male,82.242.237.219
Quiñota,Britt,Shallo,bshallo42@tamu.edu,Male,105.120.90.246
Ell,Jessee,Jodrelle,jjodrelle43@berkeley.edu,Male,139.157.161.159
Lagos,Jobina,Wynrahame,jwynrahame44@storify.com,Female,171.20.45.156
Pan de Azúcar,Bartolemo,Clemett,bclemett45@over-blog.com,Male,186.213.40.72
Mahébourg,Jess,Goodyear,jgoodyear46@slideshare.net,Male,39.155.132.255
Verin Dvin,Isidro,Longthorne,ilongthorne47@independent.co.uk,Male,235.126.189.213
Nūsay,Eyde,Zannotti,ezannotti48@vistaprint.com,Female,82.100.230.83
Avdzaga,Reeva,Christaeas,rchristaeas49@bbc.co.uk,Female,140.94.54.110
Langue,Agathe,Crocetto,acrocetto4a@icq.com,Female,158.218.1.132
Chengguan,Clarke,Sprulls,csprulls4b@webnode.com,Male,87.219.73.33
Dongqinggou,Mickie,Lisamore,mlisamore4c@shutterfly.com,Female,191.93.232.14
Hengling,Errick,McGavin,emcgavin4d@ucoz.ru,Male,188.107.253.29
Černilov,Gaylord,Andrassy,gandrassy4e@cocolog-nifty.com,Male,33.125.103.28
Laingsburg,Romonda,Chipperfield,rchipperfield4f@unicef.org,Female,27.118.109.43
Fuxing,West,Gasson,wgasson4g@ebay.com,Male,247.161.155.18
Wojnicz,Hadria,Shiel,hshiel4h@devhub.com,Female,211.162.52.36
Yamada,Allegra,Gregon,agregon4i@usatoday.com,Female,221.75.123.19
San José de Ocoa,Ailis,Harmar,aharmar4j@nationalgeographic.com,Female,67.130.23.160
Antang,Bonnie,Millward,bmillward4k@umich.edu,Female,62.235.138.238
Citangtu Kaler,Sondra,Sandyford,ssandyford4l@ow.ly,Female,111.43.217.60
Medellín,Dela,Durran,ddurran4m@imdb.com,Female,97.23.26.217
Sancang,Tera,Plevin,tplevin4n@weibo.com,Female,31.139.204.151
Zhambyl,Jo-anne,Triplet,jtriplet4o@jigsy.com,Female,33.148.142.212
Oxelösund,Palm,Zealander,pzealander4p@ibm.com,Male,165.148.212.57
Laem Sing,Rodge,Marrill,rmarrill4q@amazon.com,Male,22.240.7.31
Yaroslavl,Alyssa,Durrad,adurrad4r@flickr.com,Female,202.161.213.197
Boguszów-Gorce,Kalila,Reily,kreily4s@seesaa.net,Female,22.39.101.178
Lage,Filide,Menendes,fmenendes4t@hhs.gov,Female,121.72.224.239
Zemio,Zenia,Vanin,zvanin4u@stanford.edu,Female,27.53.198.33
Makrýgialos,Regen,Henrot,rhenrot4v@imdb.com,Male,49.79.199.33
Borūjen,Haleigh,MacClenan,hmacclenan4w@desdev.cn,Male,148.151.94.166
Ozamiz City,Townie,Connal,tconnal4x@admin.ch,Male,167.154.62.42
Novais,Jeanelle,Albert,jalbert4y@sogou.com,Female,183.84.165.17
Klagen,Neille,Heinig,nheinig4z@livejournal.com,Female,181.213.228.237
Bissorã,Jemimah,Bailey,jbailey50@senate.gov,Female,228.25.249.144
Uruzgān,Zola,Tozer,ztozer51@virginia.edu,Female,153.229.25.57
Várzea,Ephrem,Caws,ecaws52@istockphoto.com,Male,22.114.75.148
Sumberjo,Rory,Cassius,rcassius53@nyu.edu,Male,15.225.154.208
Dūāb,Ronica,Sidon,rsidon54@over-blog.com,Female,8.212.2.47
Rače,Zacherie,Mayfield,zmayfield55@dyndns.org,Male,54.119.29.161
Hegarsari,Prentiss,Winsiowiecki,pwinsiowiecki56@hibu.com,Male,199.169.40.176
Portelinha,Violetta,Annwyl,vannwyl57@privacy.gov.au,Female,110.30.105.4
Shezhu,Celestyna,Lovelady,clovelady58@washington.edu,Female,14.19.130.152
Kubangsari,Carlene,Shelley,cshelley59@phoca.cz,Female,251.195.224.216
Santana,Connor,Scotchforth,cscotchforth5a@goodreads.com,Male,165.115.1.8
Villa Mercedes,Marty,Ounsworth,mounsworth5b@prweb.com,Female,7.15.240.60
Millerovo,Celinka,Peppett,cpeppett5c@illinois.edu,Female,216.160.111.141
Changping,Say,Gribbon,sgribbon5d@pbs.org,Male,38.56.122.209
Lajaluhur,Giulia,Jorn,gjorn5e@cnet.com,Female,122.114.140.23
Flores da Cunha,Yank,Hanscom,yhanscom5f@dot.gov,Male,108.82.73.4
Frederiksberg,Marcille,Stabler,mstabler5g@vimeo.com,Female,206.231.86.111
Aygek,Lissi,McClaughlin,lmcclaughlin5h@dell.com,Female,100.249.217.9
Walferdange,Lilli,Tremellier,ltremellier5i@devhub.com,Female,207.148.15.73
Khairpur,Lou,Node,lnode5j@shutterfly.com,Male,187.40.82.226
Mañazo,Del,Gooders,dgooders5k@nymag.com,Female,135.111.72.125
Ban Lŭng,Alejoa,Putman,aputman5l@cnn.com,Male,167.55.79.79
Taesal-li,Debora,Sibthorp,dsibthorp5m@e-recht24.de,Female,76.237.13.241
Meilin,Gunther,Destouche,gdestouche5n@statcounter.com,Male,175.239.177.50
Dagsar,Clio,Kelloch,ckelloch5o@apple.com,Female,49.159.186.47
Tongtuan,Isa,O'Dulchonta,iodulchonta5p@istockphoto.com,Male,232.66.161.31
Usevia,Sammy,Thornhill,sthornhill5q@ycombinator.com,Male,155.126.92.72
Bagou,Philomena,Bentz,pbentz5r@mlb.com,Female,130.171.125.214
Parque Industrial,Ellie,Whytock,ewhytock5s@howstuffworks.com,Female,105.165.156.232
Manosque,Cassius,Dunster,cdunster5t@fema.gov,Male,180.188.90.33
Sarāvān,Skippy,Schutte,sschutte5u@behance.net,Male,137.65.150.197
Jinchang,Ulick,Skayman,uskayman5v@washingtonpost.com,Male,219.240.2.163
Pitkyaranta,Elsa,Dolman,edolman5w@studiopress.com,Female,230.27.1.147
Kaliprak,Herbert,de Clerk,hdeclerk5x@kickstarter.com,Male,162.186.169.25
Monte Caseros,Sunny,Dedmam,sdedmam5y@arstechnica.com,Male,76.149.88.170
Kanlagay,Maegan,Featonby,mfeatonby5z@1und1.de,Female,103.2.197.138
Ivry-sur-Seine,Cammy,Dyte,cdyte60@elpais.com,Female,172.160.28.98
Queimados,Benjamin,McCreary,bmccreary61@yahoo.co.jp,Male,166.227.164.169
Bapska,Loleta,Astridge,lastridge62@mashable.com,Female,103.171.165.159
Novoselë,Virgilio,Ferrario,vferrario63@mit.edu,Male,134.85.33.71
Babo-Pangulo,Shaw,Marfield,smarfield64@marriott.com,Male,42.28.248.11
Montes,Paulie,Konerding,pkonerding65@woothemes.com,Male,113.228.23.226
Doña Remedios Trinidad,Krishna,Gheeraert,kgheeraert66@drupal.org,Male,54.81.141.6
Nowshahr,Cobbie,Cescoti,ccescoti67@columbia.edu,Male,175.212.129.133
Paucarbamba,Ravi,Atto,ratto68@pen.io,Male,221.204.102.183
Anahawan,Lydia,Heinemann,lheinemann69@ameblo.jp,Female,14.10.171.210
Banjar Bongangede,Rubia,Hardson,rhardson6a@com.com,Female,221.157.191.249
Langnga,Iorgos,Kingh,ikingh6b@technorati.com,Male,20.46.24.139
Terre Haute,Cesar,Cathee,ccathee6c@instagram.com,Male,174.73.94.26
Reutlingen,Tim,McReidy,tmcreidy6d@goo.gl,Female,191.254.121.30
Xiaotang,Stinky,Daily,sdaily6e@vk.com,Male,183.252.226.250
Palmeira das Missões,Milt,Jankiewicz,mjankiewicz6f@nbcnews.com,Male,106.128.215.76
Balgatay,Nick,Whitehorn,nwhitehorn6g@tinyurl.com,Male,117.200.54.18
Blatná,Johannah,Jiles,jjiles6h@pagesperso-orange.fr,Female,171.161.49.196
Xishaqiao,Ken,Mosdell,kmosdell6i@toplist.cz,Male,245.148.47.221
Liqiao,Deidre,Patience,dpatience6j@baidu.com,Female,24.205.143.240
Três Lagoas,Anatole,Claworth,aclaworth6k@storify.com,Male,220.30.71.108
Meshcherino,Bobbie,McGenis,bmcgenis6l@squidoo.com,Male,151.6.176.51
Moyale,Gabbie,Moyse,gmoyse6m@si.edu,Female,157.79.165.120
Kebili,Rochester,Bryde,rbryde6n@ftc.gov,Male,19.205.171.35
Olutanga,Carmella,Elnaugh,celnaugh6o@over-blog.com,Female,220.44.219.55
Ipauçu,Bevon,Campe,bcampe6p@nyu.edu,Male,65.145.232.225
Sanjie,Tammi,MacAscaidh,tmacascaidh6q@angelfire.com,Female,124.96.29.99
Yihe,Selinda,Whorlow,swhorlow6r@example.com,Female,244.178.135.177
Ormstown,Dov,Asquez,dasquez6s@samsung.com,Male,16.233.13.227
Kissimmee,Allissa,Ferminger,aferminger6t@cdc.gov,Female,188.1.122.30
El Cairo,Curr,Beckhurst,cbeckhurst6u@hatena.ne.jp,Male,11.209.13.155
Cikadu,Irina,Yurov,iyurov6v@arizona.edu,Female,11.60.105.77
Ceres,Violante,Dennehy,vdennehy6w@icq.com,Female,185.253.244.225
Singa,Torey,Niesing,tniesing6x@state.gov,Female,167.90.149.10
Brant,Augustine,Yakhin,ayakhin6y@indiegogo.com,Male,145.32.251.84
Chornomors’ke,Suzie,Pinke,spinke6z@facebook.com,Female,39.53.244.203
Eslāmābād,Hildegaard,Noraway,hnoraway70@techcrunch.com,Female,12.38.159.159
Casal do Sapo,Hanna,Yuryichev,hyuryichev71@squidoo.com,Female,0.148.143.84
Nové Město nad Metují,Ardith,Greetland,agreetland72@columbia.edu,Female,42.26.239.238
Marāveh Tappeh,Melantha,Tindle,mtindle73@instagram.com,Female,226.117.185.88
Basseterre,Merry,Stollman,mstollman74@hud.gov,Female,83.9.131.108
Biñan,Al,Orae,aorae75@indiatimes.com,Male,241.109.208.134
Londrina,Stanislas,Vallerine,svallerine76@weebly.com,Male,150.154.17.14
Compiègne,Elvis,Hearst,ehearst77@imgur.com,Male,109.90.220.222
Paris 08,Constantina,Grose,cgrose78@wsj.com,Female,49.211.123.194
Nowa Dęba,Irvin,Dingivan,idingivan79@census.gov,Male,178.244.96.191
Luhe,Genny,Todaro,gtodaro7a@chicagotribune.com,Female,227.56.32.10
Yingchuan,Clair,Wrightam,cwrightam7b@dyndns.org,Male,254.52.6.111
Huambo,Marja,Begin,mbegin7c@latimes.com,Female,20.72.250.222
Bantog,Allie,Sondland,asondland7d@stumbleupon.com,Female,2.231.7.29
Bhamdoûn el Mhatta,Burnard,Tointon,btointon7e@mediafire.com,Male,101.185.205.55
Mazra‘at Bayt Jinn,Jeffie,St Pierre,jstpierre7f@meetup.com,Male,52.199.109.114
Orekhovo-Zuyevo,Hallsy,Digance,hdigance7g@techcrunch.com,Male,151.216.201.179
Pouso Alegre,Findley,McGoogan,fmcgoogan7h@unblog.fr,Male,165.144.81.35
Nîmes,Hube,Ellar,hellar7i@sfgate.com,Male,222.2.191.156
Grängesberg,Humphrey,De Stoop,hdestoop7j@privacy.gov.au,Male,78.100.214.235
Kiruru,Kaylee,Poston,kposton7k@sbwire.com,Female,17.209.203.93
Crauthem,Caleb,Sterndale,csterndale7l@cornell.edu,Male,226.112.113.35
Minas de Oro,Alister,Stuehmeyer,astuehmeyer7m@about.com,Male,100.63.230.6
Zhongxian,Harwilll,Ghion,hghion7n@economist.com,Male,9.152.230.169
Tlogowungu,Karel,Parminter,kparminter7o@g.co,Male,186.64.245.131
Karakabak,Dynah,Prys,dprys7p@youtu.be,Female,23.71.113.246
Oslo,Martina,Lawther,mlawther7q@yale.edu,Female,190.60.199.143
Wringinsari,Noella,Faustin,nfaustin7r@geocities.jp,Female,3.40.176.247
Kozyatyn,Angeline,Colomb,acolomb7s@youtu.be,Female,113.81.87.88
Beutong Ateuh,Fonz,Dorber,fdorber7t@reverbnation.com,Male,225.13.101.200
Kanazawa-shi,Lorelle,Pesik,lpesik7u@umich.edu,Female,179.108.162.241
Pasirtundun,Cecelia,Baddeley,cbaddeley7v@clickbank.net,Female,83.116.112.238
El Llano,Thorsten,Corsar,tcorsar7w@technorati.com,Male,153.114.95.165
Daja,Judie,Amber,jamber7x@nyu.edu,Female,53.244.94.89
Muyinga,Ody,Depport,odepport7y@multiply.com,Male,204.35.246.193
Magnitogorsk,Min,Redmore,mredmore7z@nasa.gov,Female,83.19.104.63
Yudai,Karney,Smallpiece,ksmallpiece80@drupal.org,Male,19.255.101.84
Serra de Santa Marinha,Faydra,Moffat,fmoffat81@list-manage.com,Female,7.16.220.113
Pustá Polom,Concettina,Eyles,ceyles82@columbia.edu,Female,95.140.241.252
Dërmënas,Joseito,Gligori,jgligori83@house.gov,Male,174.94.198.42
Kazinka,Malachi,Albiston,malbiston84@soundcloud.com,Male,238.113.212.83
Port Saint John’s,Wallie,Joder,wjoder85@amazon.com,Male,84.252.1.205
Kiszkowo,Dyane,Matushevitz,dmatushevitz86@abc.net.au,Female,224.222.246.29
Viçosa,Billie,Laws,blaws87@moonfruit.com,Male,54.230.85.17
Gjøvik,Jaimie,Ingleston,jingleston88@japanpost.jp,Male,18.82.183.7
Tengah,Kassey,Copnall,kcopnall89@w3.org,Female,110.41.9.90
Trondheim,Dulcea,Arnaldo,darnaldo8a@cloudflare.com,Female,201.132.90.187
Carnot,Meredeth,Feldharker,mfeldharker8b@hostgator.com,Male,82.61.6.224
Koror,Samson,Kemmet,skemmet8c@homestead.com,Male,232.81.97.188
Casal,Ealasaid,Kinleyside,ekinleyside8d@dailymail.co.uk,Female,35.216.167.156
Pirogovo,Philippa,Quenby,pquenby8e@shinystat.com,Female,5.21.97.214
Karangkedawung,Liuka,Redwing,lredwing8f@unicef.org,Female,166.125.76.38
Aūa,Orelle,Benting,obenting8g@sourceforge.net,Female,21.243.145.14
Anbyŏn-ŭp,Tasha,Drable,tdrable8h@purevolume.com,Female,201.40.150.199
Kuching,Laina,Burthom,lburthom8i@furl.net,Female,25.120.74.87
La Soledad,Bartholomeus,Walenta,bwalenta8j@edublogs.org,Male,21.121.105.179
Ugljevik,Tybalt,Rubury,trubury8k@bigcartel.com,Male,165.106.191.219
Koina,Ximenes,Mathou,xmathou8l@blogs.com,Male,31.104.151.61
Talodi,Welby,Kernocke,wkernocke8m@wufoo.com,Male,156.220.110.157
Tomay Kichwa,Cecile,Crinidge,ccrinidge8n@webs.com,Female,21.1.30.14
Butubut Norte,Ritchie,Gianetti,rgianetti8o@quantcast.com,Male,74.75.206.164
Zadní Mostek,Katlin,Levet,klevet8p@lycos.com,Female,80.39.219.245
Ar Rawnah,Deb,Jarnell,djarnell8q@columbia.edu,Female,172.91.190.5
Mégara,Normand,Boscher,nboscher8r@w3.org,Male,220.147.234.96
Pitogo,Ave,Scaice,ascaice8s@google.de,Male,123.119.15.99
Camingawan,Angelia,Tilburn,atilburn8t@admin.ch,Female,240.126.149.217
Vidoši,Oriana,Mann,omann8u@toplist.cz,Female,86.37.135.241
Passos,Nickolas,Nottingam,nnottingam8v@4shared.com,Male,63.50.239.167
Jablah,Henrie,Condict,hcondict8w@vk.com,Female,20.241.217.56
Uppsala,Barth,Agnew,bagnew8x@jugem.jp,Male,204.153.79.101
Lysychovo,Thalia,Broxton,tbroxton8y@ning.com,Female,201.163.155.161
Machinda,Tarah,Labro,tlabro8z@dailymotion.com,Female,71.185.255.77
Marilao,Cleon,Czajkowska,cczajkowska90@mozilla.com,Male,62.69.97.167
Habry,Cly,Blampy,cblampy91@businessweek.com,Male,131.108.16.138
Stoczek,Trenton,Jime,tjime92@sphinn.com,Male,26.132.123.116
Chunxi,Tobin,Dowden,tdowden93@google.co.uk,Male,19.50.156.230
Shakhty,Padgett,Radbone,pradbone94@51.la,Male,18.57.160.243
Cayambe,Regina,Vanyushin,rvanyushin95@baidu.com,Female,251.51.176.237
Xo’jayli Shahri,Dana,Costi,dcosti96@prnewswire.com,Female,70.243.121.41
La Coipa,Conant,Klauber,cklauber97@twitpic.com,Male,5.88.36.194
Jiefang,Ellyn,Vennings,evennings98@gravatar.com,Female,164.109.165.34
Jinshi,Drucill,Sabatier,dsabatier99@instagram.com,Female,109.106.222.205
Spassk-Dal’niy,Philipa,Georgeau,pgeorgeau9a@mozilla.com,Female,187.55.63.160
Lunec,Tania,Maron,tmaron9b@yandex.ru,Female,141.77.96.25
Plaza Huincul,Winifred,Dunn,wdunn9c@npr.org,Female,250.21.249.115
Tandayag,Roxy,Kline,rkline9d@zdnet.com,Female,114.79.80.33
Matola,Bastien,Tripp,btripp9e@senate.gov,Male,198.78.164.65
Juli,Bendicty,Westrip,bwestrip9f@tripod.com,Male,85.85.196.225
Xinmin,Candra,Farloe,cfarloe9g@hatena.ne.jp,Female,242.7.41.209
Hedi,Joaquin,Dodridge,jdodridge9h@stumbleupon.com,Male,73.239.70.209
Masu,Lanae,Ouldred,louldred9i@intel.com,Female,255.222.216.123
Baran,Bidget,Jesse,bjesse9j@bizjournals.com,Female,221.88.175.174
Mosal’sk,Reinhold,Gallie,rgallie9k@japanpost.jp,Male,255.207.136.79
Paris 16,Ennis,Driffe,edriffe9l@biglobe.ne.jp,Male,110.185.7.19
Sorang,Celestyna,Lacroutz,clacroutz9m@4shared.com,Female,88.188.169.6
Otse,Idaline,Cumes,icumes9n@vistaprint.com,Female,27.163.167.164
Trnovska Vas,Kermit,Dreakin,kdreakin9o@mozilla.org,Male,26.53.140.191
Fredrikstad,Paolina,Plet,pplet9p@csmonitor.com,Female,74.161.238.118
Jinhui,Mart,Frears,mfrears9q@wikipedia.org,Male,243.26.170.163
Aginskoye,Perrine,Peche,ppeche9r@photobucket.com,Female,74.85.137.119
Purranque,Giffie,Imms,gimms9s@issuu.com,Male,13.52.182.242
Changzheng,Doralynne,Heads,dheads9t@google.ru,Female,161.95.152.109
Satuba,Bear,Lockhart,blockhart9u@fotki.com,Male,12.100.234.32
Bogandinskiy,Bary,Fippe,bfippe9v@nba.com,Male,212.2.159.240
Nunleu,Manuel,Stooke,mstooke9w@people.com.cn,Male,217.161.195.126
Selaawi,Annamarie,Paul,apaul9x@biblegateway.com,Female,218.149.145.20
Hutang,Glenn,Sumers,gsumers9y@trellian.com,Male,202.65.192.44
Ključ,Albina,Thain,athain9z@google.es,Female,137.136.239.180
Laizhou,Morgen,Slyvester,mslyvestera0@webmd.com,Male,215.22.166.232
Néa Éfesos,Joachim,Starford,jstarforda1@studiopress.com,Male,46.101.56.141
São Joaquim da Barra,Rutter,Greber,rgrebera2@altervista.org,Male,84.161.233.224
Banjar Taro Kelod,Bancroft,Studdal,bstuddala3@uiuc.edu,Male,71.176.5.162
Al Qarmadah,Skip,Jaxon,sjaxona4@nature.com,Male,86.228.19.221
Embu Guaçu,Lynda,Burril,lburrila5@prlog.org,Female,228.238.159.73
Głuchołazy,Sharron,Oldall,soldalla6@craigslist.org,Female,192.119.39.78
Waegwan,Letizia,Mayler,lmaylera7@devhub.com,Female,255.135.62.193
Horní Bečva,Sheeree,Curedale,scuredalea8@disqus.com,Female,106.101.85.113
Leshan,Gretta,Fowell,gfowella9@i2i.jp,Female,218.45.80.82
Santa Rita,Dorella,Paylor,dpayloraa@cam.ac.uk,Female,111.186.88.242
Whitwell,Willamina,Pidgin,wpidginab@google.cn,Female,149.68.248.22
Apurawan,Rockwell,Grahlman,rgrahlmanac@miibeian.gov.cn,Male,13.65.22.149
Vinkkilä,Jermaine,Beckford,jbeckfordad@google.co.uk,Male,33.187.61.187
Aborlan,Jerald,McArthur,jmcarthurae@noaa.gov,Male,104.193.192.202
Weixin,Jean,Hearty,jheartyaf@uol.com.br,Male,36.240.128.213
La Unión,Yoshi,Mart,ymartag@omniture.com,Female,195.150.124.32
Youguzhuang,Brose,Francie,bfrancieah@eventbrite.com,Male,180.203.43.137
Rudky,Ashlen,Lomond,alomondai@cloudflare.com,Female,53.13.131.248
Payaman,Lanny,Northrop,lnorthropaj@statcounter.com,Female,130.24.103.30
Pestovo,Quill,Bastide,qbastideak@alibaba.com,Male,208.255.174.123
Kurikka,Anetta,Gherardelli,agherardellial@over-blog.com,Female,161.219.145.197
Cihaur,Opal,Hamshere,ohamsheream@friendfeed.com,Female,148.217.96.163
Ḩurayḑah,Arnold,Dearl,adearlan@google.com.br,Male,252.96.56.113
Krasni Okny,Tripp,Terrey,tterreyao@altervista.org,Male,127.50.218.213
Sinegorskiy,Harriette,McGlaud,hmcglaudap@wikipedia.org,Female,208.38.110.68
Peishe,Lauretta,Ormistone,lormistoneaq@mit.edu,Female,135.88.13.59
Tirapata,Stearn,Middle,smiddlear@ameblo.jp,Male,239.70.32.186
Zhiletovo,Maurise,Finlay,mfinlayas@psu.edu,Female,125.76.218.24
Amarete,Conant,McCreath,cmccreathat@weather.com,Male,136.82.193.91
Papineauville,Ynes,Natalie,ynatalieau@seesaa.net,Female,200.239.145.123
Castries,Ansell,Sparke,asparkeav@ocn.ne.jp,Male,65.99.70.124
Banturkrajan,Domenico,O'Lennane,dolennaneaw@prnewswire.com,Male,107.90.101.137
Salām Khēl,Noah,Olczyk,nolczykax@altervista.org,Male,126.40.202.250
Panaoti,Halsy,Braysher,hbraysheray@artisteer.com,Male,234.169.219.217
Onsala,Oren,Gioan,ogioanaz@nifty.com,Male,48.76.204.252
Pandakan,Edeline,Jurges,ejurgesb0@webmd.com,Female,111.31.186.77
Klemunan,Dew,Winckle,dwinckleb1@sourceforge.net,Male,66.135.177.187
Khiv,Renate,Beamson,rbeamsonb2@sun.com,Female,49.44.72.28
Dijon,Silas,Goodlad,sgoodladb3@bandcamp.com,Male,231.65.145.192
Béré,Calida,Rolling,crollingb4@blogger.com,Female,46.210.53.198
Sandwīp,Lyndel,Jaan,ljaanb5@mac.com,Female,45.233.140.184
Alta,Nestor,Brason,nbrasonb6@bandcamp.com,Male,69.213.23.20
Brodnica,Toddy,Scrowston,tscrowstonb7@unesco.org,Male,112.63.215.174
Darłowo,Burgess,Raithmill,braithmillb8@deliciousdays.com,Male,203.254.62.129
Montecillo,Ingmar,O'Curran,iocurranb9@amazon.co.uk,Male,227.66.105.31
Gwoźnica Górna,Sheelah,Francesco,sfrancescoba@nydailynews.com,Female,238.15.142.106
Göteborg,Jozef,Janku,jjankubb@gnu.org,Male,32.205.247.252
Gaocang,Cathie,Erdely,cerdelybc@geocities.jp,Female,216.109.57.228
Xiaochi,Nicholas,Gulleford,ngullefordbd@fda.gov,Male,202.86.169.129
Naperville,Galvan,Kellen,gkellenbe@jigsy.com,Male,22.1.104.192
Daliyuan,Jocelyn,Maylam,jmaylambf@goo.ne.jp,Female,109.117.36.195
Hobart,Kirby,Suddick,ksuddickbg@mit.edu,Female,252.191.93.181
Guatire,Willi,Brion,wbrionbh@yolasite.com,Male,196.87.208.188
Nowe Miasto,Grange,Deverick,gdeverickbi@tripadvisor.com,Male,253.138.207.94
Obikiik,Briana,Baskwell,bbaskwellbj@google.co.uk,Female,250.12.5.106
Krasnodar,Oswell,Chattock,ochattockbk@slideshare.net,Male,20.242.20.58
Parang,Sloan,Comsty,scomstybl@cyberchimps.com,Male,113.243.184.19
Paso de los Libres,Cilka,Fuentes,cfuentesbm@4shared.com,Female,119.123.251.56
Pangkalan,Darrick,Browne,dbrownebn@cbsnews.com,Male,69.187.38.103
Toyohashi,Florri,Benton,fbentonbo@rambler.ru,Female,182.193.56.170
Kalvola,Lucinda,Skeath,lskeathbp@disqus.com,Female,65.59.88.47
Baoshan,Sandor,Butland,sbutlandbq@comsenz.com,Male,117.198.48.63
Saint-Quentin-Fallavier,Debora,Chandlar,dchandlarbr@stumbleupon.com,Female,92.122.18.8
Itapemirim,Anthony,Grigaut,agrigautbs@blogtalkradio.com,Male,82.211.240.174
Kovači,Stephanus,Pinney,spinneybt@adobe.com,Male,242.135.89.232
Cirangga Kidul,Nappy,Anthoin,nanthoinbu@google.fr,Male,224.250.172.152
Tarnogskiy Gorodok,Merrill,MacRonald,mmacronaldbv@tmall.com,Female,241.81.132.165
Grabica,Shara,Barfield,sbarfieldbw@fastcompany.com,Female,221.88.122.246
Lovas,Matthaeus,Woodley,mwoodleybx@wisc.edu,Male,59.207.124.48
Gakovo,Nadean,Aucutt,naucuttby@chron.com,Female,197.212.118.143
Borgarnes,Godfree,Applegate,gapplegatebz@ihg.com,Male,20.46.234.64
Majiao,Packston,Bowmer,pbowmerc0@wikispaces.com,Male,24.112.64.84
Tabant,Evy,Bulteel,ebulteelc1@mail.ru,Female,250.161.130.212
Skutskär,Nicolai,Ratazzi,nratazzic2@marketwatch.com,Male,247.233.214.24
Río Grande,Olag,Larvent,olarventc3@usnews.com,Male,251.153.218.222
Lorut,Meris,Farmer,mfarmerc4@fc2.com,Female,124.232.97.221
Preston,Christel,Gerner,cgernerc5@tmall.com,Female,73.1.77.219
Chengzhong,Allx,Kirstein,akirsteinc6@nymag.com,Female,126.75.90.151
Gnojnica,Rockie,Dassindale,rdassindalec7@wsj.com,Male,124.66.51.47
Maubin,Zuzana,Kepling,zkeplingc8@sina.com.cn,Female,114.2.183.243
Imider,Geoffrey,Ellerton,gellertonc9@ning.com,Male,216.171.191.146
Calaba,Brynna,Holby,bholbyca@loc.gov,Female,86.238.228.184
Yunxi,Jude,Flatte,jflattecb@cdc.gov,Male,145.3.1.149
Fratar,Petronella,Sikorski,psikorskicc@odnoklassniki.ru,Female,144.9.199.85
Diébougou,Rafael,Brewerton,rbrewertoncd@theglobeandmail.com,Male,249.252.41.223
Chunjiang,Chico,Whitcher,cwhitcherce@mtv.com,Male,240.78.140.178
Pobé,Lem,Kender,lkendercf@privacy.gov.au,Male,69.110.31.152
Xinyang,Allan,Weben,awebencg@nhs.uk,Male,192.70.237.71
Wieniawa,Kip,Bertson,kbertsonch@cdbaby.com,Female,36.12.70.110
Vodnjan,Corty,Dunstan,cdunstanci@mac.com,Male,126.20.227.210
Heimahe,Zsazsa,Anselm,zanselmcj@xrea.com,Female,145.53.99.183
Jucás,Beilul,Rizon,brizonck@sitemeter.com,Female,99.232.215.25
Drahichyn,Chip,Thorsen,cthorsencl@123-reg.co.uk,Male,61.205.192.76
Pajala,Ilyse,Iorio,iioriocm@elpais.com,Female,35.145.139.100
Wolin,Etan,Thorneywork,ethorneyworkcn@facebook.com,Male,62.188.220.93
Trzciana,Vincenz,Tarburn,vtarburnco@stanford.edu,Male,248.98.138.70
Rozvadov,Odessa,Tatlowe,otatlowecp@forbes.com,Female,249.156.160.138
Mina de São Domingos,Hogan,Harce,hharcecq@smugmug.com,Male,211.155.223.117
Ambatolaona,Sharyl,Morrowe,smorrowecr@etsy.com,Female,168.197.86.255
Zhushan,Valli,Benley,vbenleycs@live.com,Female,26.0.189.208
Lugo,Kalil,Gartin,kgartinct@bigcartel.com,Male,231.220.156.190
Lewoluo,Johna,Thornhill,jthornhillcu@unc.edu,Female,80.26.86.191
Eastern Suburbs Mc,Towny,Geere,tgeerecv@huffingtonpost.com,Male,200.189.248.43
Dārayyā,Rudolfo,Riddiough,rriddioughcw@wikimedia.org,Male,134.254.232.4
Salvacion,Caddric,Losebie,closebiecx@newyorker.com,Male,103.253.157.35
Wangping,Arte,Castletine,acastletinecy@livejournal.com,Male,197.78.229.160
Linchen,Annecorinne,Tennock,atennockcz@dell.com,Female,111.79.156.51
Gálvez,Debee,Kowalik,dkowalikd0@illinois.edu,Female,171.121.215.65
Jesús Menéndez,Gayelord,Kestin,gkestind1@ebay.co.uk,Male,39.197.121.150
Progreso,Farlee,Chazier,fchazierd2@baidu.com,Male,135.85.241.135
Kapyl’,Munmro,Gott,mgottd3@bloglovin.com,Male,114.125.212.6
Kertapura,Opalina,Koppke,okoppked4@house.gov,Female,143.199.90.96
Isabela,Jeanette,Pittson,jpittsond5@home.pl,Female,28.86.79.71
Sarrebourg,Raye,Steeden,rsteedend6@usda.gov,Female,104.190.84.69
Mueang Phuket,Maisey,Gillanders,mgillandersd7@va.gov,Female,89.61.151.7
Bochum,Wenona,Nisuis,wnisuisd8@discovery.com,Female,95.163.41.104
Saint-Étienne,Margarita,Volcker,mvolckerd9@whitehouse.gov,Female,227.229.91.96
Marsh Harbour,Carlyle,Boreland,cborelandda@1und1.de,Male,59.177.36.128
Gominhães,Bryana,Fossett,bfossettdb@networksolutions.com,Female,202.163.153.239
Raşad,Patrica,Potebury,ppoteburydc@slate.com,Female,200.117.37.43
Mata,Mae,Hambric,mhambricdd@creativecommons.org,Female,246.158.47.181
Flic en Flac,Nicola,Peasby,npeasbyde@oakley.com,Male,182.122.206.45
Bayt ‘Īnūn,Tina,Sleeny,tsleenydf@cdbaby.com,Female,165.30.19.74
Abang,Dorena,Bondesen,dbondesendg@technorati.com,Female,58.221.90.135
Tianhe,York,McCorrie,ymccorriedh@php.net,Male,58.86.232.31
Minas de Matahambre,Ianthe,McCutcheon,imccutcheondi@mail.ru,Female,163.222.78.106
Moutnice,Alyse,Maillard,amaillarddj@freewebs.com,Female,197.55.51.35
Baiquan,Poul,Barnshaw,pbarnshawdk@feedburner.com,Male,196.189.245.212
‘Irbīn,Charmain,Giroldi,cgiroldidl@alexa.com,Female,130.161.10.108
Gonghe,Katrine,Camillo,kcamillodm@abc.net.au,Female,7.65.35.41
HanHuang,Gerard,Lenney,glenneydn@ebay.com,Male,137.45.173.227
Hidalgo,Bernetta,Dobney,bdobneydo@over-blog.com,Female,104.228.157.128
Campaka,Brendin,Tilson,btilsondp@upenn.edu,Male,131.6.0.9
Pupiales,Althea,Bestwick,abestwickdq@oracle.com,Female,242.253.192.201
Mikulášovice,Rosco,Milverton,rmilvertondr@i2i.jp,Male,234.31.62.172
Dhībīn,Dalia,Ekins,dekinsds@parallels.com,Female,67.80.161.24
Iwonicz-Zdrój,George,Rankine,grankinedt@yellowpages.com,Male,54.37.177.217
Sandwīp,Launce,Hannant,lhannantdu@wikia.com,Male,101.176.204.102
Nanterre,Saleem,Bootman,sbootmandv@photobucket.com,Male,215.88.118.87
Ghazni,Bram,Gendrich,bgendrichdw@bravesites.com,Male,19.48.248.201
Maras,Tabbie,Josefovic,tjosefovicdx@noaa.gov,Male,254.112.92.19
Yeysk,Gunter,Rosenqvist,grosenqvistdy@elegantthemes.com,Male,203.5.132.110
Sumbawa Besar,Carolyn,Matheson,cmathesondz@cpanel.net,Female,132.105.63.174
Concepción,Mason,Duck,mducke0@dmoz.org,Male,167.209.235.119
Maoming,Doug,Hartzenberg,dhartzenberge1@typepad.com,Male,61.141.64.231
Kaniv,Aila,Skelding,askeldinge2@elegantthemes.com,Female,214.208.204.130
Wuluo,Nils,Hawkett,nhawkette3@is.gd,Male,234.211.132.166
Pawonków,Rob,MacSween,rmacsweene4@last.fm,Male,106.184.43.129
Shouxihu,Gerardo,Brevetor,gbrevetore5@theatlantic.com,Male,185.206.105.209
Confey,Sonni,De Ferraris,sdeferrarise6@yellowbook.com,Female,180.197.42.37
Cikai,Hesther,Ochiltree,hochiltreee7@jimdo.com,Female,31.198.50.111
Shūsh,Avivah,Bau,abaue8@yahoo.co.jp,Female,116.85.26.227
Devon,Gray,Sainsbury,gsainsburye9@canalblog.com,Male,180.165.46.6
Calabaca,Jdavie,Ingerson,jingersonea@accuweather.com,Male,12.157.86.134
Luz de Tavira,Dael,Mogra,dmograeb@adobe.com,Female,229.174.150.137
Pedreira,Salvador,Meanwell,smeanwellec@skype.com,Male,53.26.58.252
Cruz Alta,Teddy,McCotter,tmccottered@quantcast.com,Female,219.86.127.97
Xiasi,Aidan,Andrzejczak,aandrzejczakee@webnode.com,Female,39.100.18.40
Jeonju,Suzy,Laidlow,slaidlowef@cocolog-nifty.com,Female,229.26.59.150
Montpellier,Nikaniki,Windmill,nwindmilleg@taobao.com,Female,129.182.99.137
Dahe,Skippie,Hardeman,shardemaneh@pen.io,Male,52.72.149.47
Westport,Jobye,Paynes,jpaynesei@tripod.com,Female,104.88.25.63
Battaramulla South,Marcello,Loftie,mloftieej@blinklist.com,Male,120.148.150.174
Farīmān,Alisha,Hackett,ahackettek@addthis.com,Female,18.46.198.62
Xianhe,Waylen,Antalffy,wantalffyel@marriott.com,Male,141.252.190.181
Mishkino,Inigo,Kilfeather,ikilfeatherem@dropbox.com,Male,155.72.68.233
Orléans,Shaylyn,Cheverton,schevertonen@nationalgeographic.com,Female,97.241.125.74
Kungshamn,Benedetto,Esmead,besmeadeo@shutterfly.com,Male,146.238.14.138
Crauthem,Webster,Lesly,wleslyep@yellowbook.com,Male,69.147.1.27
Liutan,Tabatha,Valadez,tvaladezeq@hibu.com,Female,171.208.239.240
Lionel Town,Rosemonde,Baistow,rbaistower@wikimedia.org,Female,157.172.200.211
Jiaotang,Camala,Macvain,cmacvaines@fastcompany.com,Female,153.187.96.220
Milicz,Yul,Bagot,ybagotet@cdbaby.com,Male,161.35.143.208
As Sawdā,Florri,Fairbeard,ffairbeardeu@nps.gov,Female,215.3.31.80
Toukh,Pietra,Eakin,peakinev@google.pl,Female,241.217.60.104
Shalakusha,Amaleta,Litchmore,alitchmoreew@stanford.edu,Female,234.36.144.233
Sel’tso,Marnia,Grundon,mgrundonex@imdb.com,Female,100.199.59.137
Suwaru,Dunstan,Bassam,dbassamey@shinystat.com,Male,58.127.193.39
Huanghe,Lib,Dunlea,ldunleaez@mlb.com,Female,181.67.170.194
Joutseno,Huey,Springett,hspringettf0@wiley.com,Male,0.100.238.186
Pakel,Henderson,Kunc,hkuncf1@fotki.com,Male,182.226.39.162
Marisol,Pincus,Arbuckle,parbucklef2@google.nl,Male,144.242.46.169
Emmen,Sandra,Woodham,swoodhamf3@marriott.com,Female,43.188.211.242
Cigemlong,Vidovic,Petschelt,vpetscheltf4@comsenz.com,Male,136.140.251.216
Pasembon,Miller,Lambersen,mlambersenf5@cafepress.com,Male,18.16.200.94
Mirecourt,Win,Duckels,wduckelsf6@infoseek.co.jp,Male,195.159.135.156
Sapataria,Alta,McAtamney,amcatamneyf7@opera.com,Female,1.49.69.68
Kusak,Benji,Yurukhin,byurukhinf8@ning.com,Male,207.149.138.207
Durham,Goddard,MacLese,gmaclesef9@360.cn,Male,252.37.212.14
Butere,Dall,Sieve,dsievefa@163.com,Male,29.97.184.146
Shifan,Andria,Yanson,ayansonfb@prweb.com,Female,206.125.240.2
Tacuatí,Norene,MacPhee,nmacpheefc@wordpress.org,Female,214.241.177.38
Pinheiro,Gigi,Saulter,gsaulterfd@gov.uk,Female,90.223.17.99
Piraju,Kent,Dowsey,kdowseyfe@chronoengine.com,Male,125.38.246.136
Jaffna,Erwin,Barents,ebarentsff@army.mil,Male,116.205.55.248
Klukeng,Jemima,Munday,jmundayfg@zimbio.com,Female,136.35.57.81
Nangkasari,Sharline,Schwander,sschwanderfh@uiuc.edu,Female,245.55.175.107
Liangdang Chengguanzhen,Robbie,Quinn,rquinnfi@vistaprint.com,Male,41.33.130.230
Liski,Calida,Brade,cbradefj@craigslist.org,Female,142.12.82.84
Smederevska Palanka,Nilson,Brogioni,nbrogionifk@ocn.ne.jp,Male,236.53.244.23
Karangdawa Barat,Nicolas,BoHlingolsen,nbohlingolsenfl@quantcast.com,Male,5.70.177.114
Mahébourg,Sophey,Ringe,sringefm@webmd.com,Female,220.15.85.235
Yamaguchi-shi,Raddy,Kohrt,rkohrtfn@amazon.de,Male,49.168.182.144
Sadkowice,Erwin,Hamblett,ehamblettfo@japanpost.jp,Male,15.84.4.125
Zlatni Pyasatsi,Becka,Sabates,bsabatesfp@virginia.edu,Female,79.50.71.118
Oslo,Allegra,Stanbra,astanbrafq@telegraph.co.uk,Female,65.188.143.5
Pisz,Lenka,Bendell,lbendellfr@theguardian.com,Female,148.221.7.33
Negeriagung,Brant,Broke,bbrokefs@bravesites.com,Male,203.204.2.132
Sukamulia,Nananne,Stollmeyer,nstollmeyerft@1und1.de,Female,85.197.31.59
Altavista,Wilton,Faier,wfaierfu@storify.com,Male,164.192.223.67
Älvsjö,Rafaellle,Loyd,rloydfv@sitemeter.com,Male,191.156.179.154
Jankowice,Cherye,McArthur,cmcarthurfw@cyberchimps.com,Female,103.103.57.111
Lisovi Sorochyntsi,Annie,Cowerd,acowerdfx@uol.com.br,Female,206.158.22.55
Horta,Wynne,Mozzi,wmozzify@umich.edu,Female,179.236.32.138
Joaçaba,Juanita,Kiefer,jkieferfz@tiny.cc,Female,43.62.117.54
Tarbes,Halli,Stops,hstopsg0@washingtonpost.com,Female,162.180.252.198
Chengbei,Barnett,Jeaneau,bjeaneaug1@gravatar.com,Male,185.65.207.195
Markópoulo,Alphonso,Yushankin,ayushanking2@ask.com,Male,132.200.194.25
Souto do Meio,Karin,Tribe,ktribeg3@opera.com,Female,79.41.33.100
Bawshar,Derby,Anning,danningg4@jigsy.com,Male,217.17.233.128
Khulm,Paige,Gatch,pgatchg5@nymag.com,Female,168.134.181.116
Montrouge,Evey,Ilyuchyov,eilyuchyovg6@flickr.com,Female,179.129.66.188
Choropampa,Nickolas,Bassick,nbassickg7@feedburner.com,Male,118.123.134.20
Shakīso,Leodora,Dalbey,ldalbeyg8@dyndns.org,Female,46.39.119.125
Ożarów,Granville,Eard,geardg9@istockphoto.com,Male,213.138.169.67
Bus’k,Shelley,Daverin,sdaveringa@salon.com,Male,196.20.250.235
Panjiawan,Phineas,Storrah,pstorrahgb@disqus.com,Male,171.194.115.40
Ríohacha,Max,Palister,mpalistergc@irs.gov,Male,187.48.62.168
Nalsian Norte,Sisile,Handley,shandleygd@geocities.com,Female,99.83.100.24
Fayaoué,Mike,Lovell,mlovellge@cyberchimps.com,Male,11.14.114.73
Dalkey,Romonda,Burgwyn,rburgwyngf@wiley.com,Female,156.227.60.103
Chengzhong,Deb,Robiou,drobiougg@dmoz.org,Female,69.89.144.110
Bacem,Robbie,Luipold,rluipoldgh@cafepress.com,Female,6.243.117.230
San Cristobal,Birch,Crowth,bcrowthgi@delicious.com,Male,116.56.238.159
Staten Island,Bettye,Derx,bderxgj@lulu.com,Female,147.59.122.13
Imrīsh,Lion,Rowen,lrowengk@biglobe.ne.jp,Male,227.178.44.197
Ceadîr-Lunga,Brent,Worts,bwortsgl@tiny.cc,Male,11.113.249.222
Jiangshan,Elfreda,Spehr,espehrgm@woothemes.com,Female,55.89.2.8
Reda,Nev,Suthworth,nsuthworthgn@geocities.com,Male,52.65.163.13
Bečmen,Janifer,Loade,jloadego@nifty.com,Female,176.179.196.246
Pembuanghulu,Yorgos,Di Iorio,ydiioriogp@unesco.org,Male,230.197.224.179
Pucacaca,Bord,Gumary,bgumarygq@ask.com,Male,75.149.189.62
Langensari,Alaster,Shakshaft,ashakshaftgr@hexun.com,Male,246.167.198.183
Shimiaozi,Deva,Wigg,dwigggs@admin.ch,Female,82.47.117.68
Żarki,Charlot,Polak,cpolakgt@list-manage.com,Female,239.244.82.247
Khadīr,Harrietta,Compton,hcomptongu@bloomberg.com,Female,57.73.71.28
Isakly,Rabi,Otton,rottongv@sphinn.com,Male,35.110.104.228
Solna,Corey,Verring,cverringgw@cbc.ca,Female,239.181.172.25
Qingfeng,Fidole,Aldersea,falderseagx@washington.edu,Male,255.2.106.127
Pacov,Aggie,Triggle,atrigglegy@g.co,Female,119.231.148.14
Nyima,Ara,Cummungs,acummungsgz@de.vu,Male,68.63.237.228
Tournon-sur-Rhône,Odille,Ulster,oulsterh0@github.io,Female,126.125.82.153
Otuzco,Halie,Douce,hdouceh1@harvard.edu,Female,20.118.157.61
Clanwilliam,Eugenie,Tomini,etominih2@soup.io,Female,1.187.174.252
Cabudare,Nancy,Fossett,nfossetth3@webnode.com,Female,184.229.173.143
Padre Nabeto,Randene,Arstall,rarstallh4@photobucket.com,Female,62.154.236.133
Jiuzhen,Mariquilla,Streeten,mstreetenh5@cbsnews.com,Female,68.187.226.241
Oslo,Samaria,Erington,seringtonh6@liveinternet.ru,Female,134.211.158.54
Youxikou,Jud,Schustl,jschustlh7@dedecms.com,Male,160.176.118.85
Xinshi,Breena,Trimming,btrimmingh8@alibaba.com,Female,45.23.214.187
Byerazino,Lloyd,Buchan,lbuchanh9@si.edu,Male,244.135.86.55
Tiemen,Dixie,Cuseck,dcuseckha@paginegialle.it,Female,85.19.255.194
Erniusuokou,Gleda,Stobie,gstobiehb@desdev.cn,Female,175.11.206.61
Oslo,Junia,Iowarch,jiowarchhc@smh.com.au,Female,129.192.66.180
Chiclayo,Chick,Beveredge,cbeveredgehd@google.co.jp,Male,116.20.104.166
Maofan,Stanton,Quimby,squimbyhe@ning.com,Male,131.224.75.57
Kobilje,Klarrisa,Murtell,kmurtellhf@google.de,Female,49.40.65.22
La Cumbre,Lib,Leaming,lleaminghg@edublogs.org,Female,40.235.81.13
Luoping,Julissa,Abazi,jabazihh@washingtonpost.com,Female,163.115.193.216
Chornyanka,Luca,McClenan,lmcclenanhi@stumbleupon.com,Male,239.92.215.75
Tangwang,Yovonnda,Normant,ynormanthj@timesonline.co.uk,Female,78.34.27.58
Lộc Bình,Enos,Castagneri,ecastagnerihk@dailymail.co.uk,Male,99.145.156.88
Busungbiu,Dulci,Seckington,dseckingtonhl@usda.gov,Female,156.67.80.32
Emmen,Laurel,Niblock,lniblockhm@tamu.edu,Female,81.167.81.59
Birmingham,Gonzalo,Evenett,gevenetthn@eventbrite.com,Male,166.64.23.65
Xiaba,Wilona,Booley,wbooleyho@g.co,Female,106.1.72.110
Stockholm,Woody,Creggan,wcregganhp@reference.com,Male,160.23.74.173
Pedro Juan Caballero,Zea,Scothern,zscothernhq@businessinsider.com,Female,15.169.231.247
Novotroitsk,Davita,Klimschak,dklimschakhr@gravatar.com,Female,34.250.194.212
Shihuajian,Paten,Dahlborg,pdahlborghs@surveymonkey.com,Male,60.229.163.68
Xiwang,Gerda,Inch,ginchht@youku.com,Female,160.135.60.37
Emiliano Zapata,Roarke,Pullman,rpullmanhu@ihg.com,Male,31.3.28.198
Shanban,Correna,Siss,csisshv@intel.com,Female,142.182.215.26
Kiritsy,Baily,McGrouther,bmcgroutherhw@homestead.com,Male,230.113.63.168
Phanna Nikhom,Berri,Enstone,benstonehx@msn.com,Female,138.81.197.57
Tandil,Anselm,Heber,aheberhy@hibu.com,Male,224.246.57.226
Allentown,Garek,Diemer,gdiemerhz@marriott.com,Male,208.110.52.88
Poniklá,Jereme,Whittlesey,jwhittleseyi0@paginegialle.it,Male,1.102.129.150
Oslo,Deonne,Kiddey,dkiddeyi1@rakuten.co.jp,Female,138.89.252.233
Nanterre,Hephzibah,Poynser,hpoynseri2@pagesperso-orange.fr,Female,15.3.248.142
Alto del Espino,Lorenzo,Pryce,lprycei3@typepad.com,Male,115.253.18.149
Punta Cana,Perren,Coveney,pcoveneyi4@discovery.com,Male,69.253.121.229
Tuanshan,Cleveland,Saddleton,csaddletoni5@miitbeian.gov.cn,Male,198.69.125.219
Pinheiro,Joyce,Arundale,jarundalei6@paypal.com,Female,65.235.120.204
Severka,Shelby,Bircher,sbircheri7@nyu.edu,Male,121.0.41.87
Dąbrowice,Otho,Fleetwood,ofleetwoodi8@mayoclinic.com,Male,249.75.249.37
Achiaman,Carny,Ruckledge,cruckledgei9@meetup.com,Male,200.60.93.54
Mošorin,Elmira,Godlonton,egodlontonia@bandcamp.com,Female,140.16.70.20
Xuetian,Helyn,Yurin,hyurinib@comcast.net,Female,255.205.233.63
Tor,Ferguson,Beadnell,fbeadnellic@amazon.co.uk,Male,187.88.131.111
Outeiro,Retha,Brislan,rbrislanid@amazon.de,Female,5.93.241.195
West Island,Othilie,Vaulkhard,ovaulkhardie@mail.ru,Female,23.243.198.49
Hougang,Dominick,Longmead,dlongmeadif@squarespace.com,Male,64.148.174.98
Saint John’s,Lesya,Verheyden,lverheydenig@instagram.com,Female,220.101.71.98
Newark,Ancell,Baughn,abaughnih@usnews.com,Male,200.84.180.105
Pengchang,Michale,Bims,mbimsii@livejournal.com,Male,112.199.182.73
Fornos de Algodres,Sammie,Menichi,smenichiij@eventbrite.com,Male,185.204.239.172
Tembongraja,Harley,Gantlett,hgantlettik@biglobe.ne.jp,Female,227.34.178.49
Cordeirópolis,Tobit,Hyne,thyneil@angelfire.com,Male,251.36.1.192
Lescar,Lancelot,Wallicker,lwallickerim@gizmodo.com,Male,246.155.228.41
Kolomanu,Roosevelt,St Quenin,rstqueninin@cargocollective.com,Male,3.166.38.64
Dayangzhou,Percy,Gowing,pgowingio@nature.com,Male,9.183.36.220
Pavlovka,Wildon,Duny,wdunyip@twitter.com,Male,228.242.5.173
Molinos,Shena,Ruthven,sruthveniq@miitbeian.gov.cn,Female,49.201.17.190
Laguna Limpia,Stevy,Woller,swollerir@google.es,Male,219.80.241.218
Wanquan,Yoshi,Limrick,ylimrickis@desdev.cn,Female,105.46.27.91
Szlachta,Denny,Nancekivell,dnancekivellit@businessweek.com,Female,151.181.255.235
Panghadangan,Celestia,Millmore,cmillmoreiu@berkeley.edu,Female,220.16.102.40
Karmah an Nuzul,Aldis,Gruszka,agruszkaiv@cloudflare.com,Male,241.205.131.250
Maglaj,Rafaello,Bensusan,rbensusaniw@networksolutions.com,Male,23.165.165.201
Volokonovka,Lancelot,Merington,lmeringtonix@yellowpages.com,Male,178.214.219.145
Phu Kradueng,Gordy,Eicke,geickeiy@tiny.cc,Male,29.105.73.94
Honiara,Joshuah,Baddiley,jbaddileyiz@moonfruit.com,Male,149.157.129.199
Zasip,Wally,Scandred,wscandredj0@pcworld.com,Female,0.194.152.46
Novopokrovka,Moyra,Harkin,mharkinj1@blogspot.com,Female,218.134.161.56
Baoluan,Shandra,Last,slastj2@opera.com,Female,200.229.42.187
Duncans,Lyndsie,Schuelcke,lschuelckej3@hao123.com,Female,191.32.25.17
Leksand,Alfredo,Gerrit,agerritj4@shareasale.com,Male,6.63.120.253
Jilong,Elianore,Hanmer,ehanmerj5@twitpic.com,Female,79.110.173.169
Beihe,Mahala,Wintle,mwintlej6@latimes.com,Female,25.69.44.147
Yujiao,Esmaria,Milburne,emilburnej7@bloomberg.com,Female,169.16.139.0
Tékane,Melva,Ambrogiotti,mambrogiottij8@blinklist.com,Female,80.39.47.51
Shatki,Abbe,Hepher,ahepherj9@loc.gov,Female,56.37.237.27
Cabinda,Avis,Adam,aadamja@ftc.gov,Female,207.69.202.191
Wangba,Karin,Spraging,kspragingjb@altervista.org,Female,133.126.143.234
Nesterovskaya,Harold,Wabe,hwabejc@meetup.com,Male,183.107.100.66
Bromma,Trefor,Grinov,tgrinovjd@intel.com,Male,42.111.197.1
Sidomakmur,Hale,Dassindale,hdassindaleje@tripadvisor.com,Male,65.45.175.118
Injīl,Val,Hoogendorp,vhoogendorpjf@printfriendly.com,Female,249.138.195.243
Custóias,Julianne,Hurlston,jhurlstonjg@narod.ru,Female,123.32.253.105
Grand Forks,Hertha,Redborn,hredbornjh@rediff.com,Female,26.133.209.94
Banjar Peguyangan,Conn,Garrould,cgarrouldji@jalbum.net,Male,42.232.209.228
La Coipa,Morton,Stroton,mstrotonjj@indiatimes.com,Male,109.197.233.99
Lípa,Hedda,Bram,hbramjk@godaddy.com,Female,242.53.226.230
Reitoca,Emylee,Sommerly,esommerlyjl@spotify.com,Female,179.15.69.244
Santo Niño,Llewellyn,Panther,lpantherjm@51.la,Male,248.193.221.154
Sarkand,Pavia,Alonso,palonsojn@gravatar.com,Female,2.34.4.66
Ubaitaba,Conn,Donnel,cdonneljo@artisteer.com,Male,212.86.66.231
Betio Village,Leontyne,Rosengren,lrosengrenjp@trellian.com,Female,253.141.241.85
Loyew,Jdavie,Jahndel,jjahndeljq@wix.com,Male,129.200.0.231
Seputih,Gypsy,Hucke,ghuckejr@smh.com.au,Female,240.220.111.35
Dasht-e Archī,Jaclyn,Poulton,jpoultonjs@altervista.org,Female,108.226.41.40
Ma’an,Muriel,Dealey,mdealeyjt@qq.com,Female,73.231.59.78
Monaghan,Charla,Ciric,cciricju@vkontakte.ru,Female,156.110.6.39
Bugene,Tiphany,Aitchison,taitchisonjv@newyorker.com,Female,47.40.49.255
Jaboticabal,Gerry,Tureville,gturevillejw@facebook.com,Female,101.201.26.209
Huazhou,Ed,Schimmang,eschimmangjx@foxnews.com,Male,173.204.103.153
Fort Lauderdale,Quinn,Civitillo,qcivitillojy@earthlink.net,Female,252.201.114.76
Subottsi,Maryrose,Pendred,mpendredjz@artisteer.com,Female,16.169.34.62
Olsztyn,Clarita,Egel,cegelk0@epa.gov,Female,179.192.14.36
Palmitas,Dena,Corbally,dcorballyk1@dagondesign.com,Female,163.105.234.147
Nikhom Phattana,Clarke,Gowanson,cgowansonk2@tuttocitta.it,Male,28.94.103.9
Palu,Nikolaos,Napoleone,nnapoleonek3@si.edu,Male,205.218.217.27
Kawengan,Jackquelin,Smaile,jsmailek4@tinypic.com,Female,250.53.171.153
Bezlyudivka,Benedict,Fairhall,bfairhallk5@java.com,Male,168.69.128.131
Kalungu,Billy,Herity,bherityk6@linkedin.com,Male,65.113.24.82
Emporeío,Arnuad,Vanacci,avanaccik7@lulu.com,Male,141.17.19.164
Desamparados,Georgeanne,Duff,gduffk8@friendfeed.com,Female,27.91.36.98
Alcainça,Jarvis,Hedlestone,jhedlestonek9@foxnews.com,Male,5.247.192.24
Yuanyang,Riordan,Tabbernor,rtabbernorka@fc2.com,Male,94.77.90.143
Sida,Sondra,Foro,sforokb@123-reg.co.uk,Female,124.101.21.221
Sjöbo,Staci,Annetts,sannettskc@squidoo.com,Female,48.198.196.3
Port-Vila,Elladine,Persence,epersencekd@google.cn,Female,139.254.35.35
Lantera,Jasun,Simms,jsimmske@ebay.co.uk,Male,89.149.195.90
Watulabara,Carlin,Cours,ccourskf@google.es,Female,117.212.198.4
Hisya,Annamarie,Bricknall,abricknallkg@furl.net,Female,12.124.3.13
Plesná,Dunn,Beardow,dbeardowkh@histats.com,Male,91.47.175.95
Krasnoshchekovo,Savina,Harrismith,sharrismithki@hud.gov,Female,158.180.159.142
Dengfeng,Deck,Laidlaw,dlaidlawkj@techcrunch.com,Male,31.60.235.176
Reshetnikovo,Isidora,Sobtka,isobtkakk@un.org,Female,249.77.41.120
Taman,Briggs,Roxburgh,broxburghkl@nationalgeographic.com,Male,98.195.109.245
Qiujia,Idelle,Greiswood,igreiswoodkm@twitpic.com,Female,125.57.203.74
Mulhouse,Standford,Winney,swinneykn@godaddy.com,Male,63.175.32.167
Qiaolin,Fania,Izakson,fizaksonko@pagesperso-orange.fr,Female,210.197.255.144
Radymno,Nowell,Lawry,nlawrykp@hexun.com,Male,83.137.117.242
Ban Chalong,Lynna,Plampin,lplampinkq@arizona.edu,Female,17.180.93.36
Pasirmalang,Viole,Kristufek,vkristufekkr@facebook.com,Female,48.117.225.157
Peñarrubia,Lombard,Zienkiewicz,lzienkiewiczks@joomla.org,Male,103.178.133.56
Can-asujan,Karel,Argabrite,kargabritekt@networkadvertising.org,Female,108.207.155.101
Alor Setar,Rozanna,Senyard,rsenyardku@soup.io,Female,174.175.33.250
Pambuhan,Boothe,Buffy,bbuffykv@independent.co.uk,Male,114.50.172.45
Granica,Hillel,Bimrose,hbimrosekw@gizmodo.com,Male,75.100.142.20
Ylämaa,Gretal,Taggerty,gtaggertykx@jugem.jp,Female,218.140.7.151
Maykopskoye,Agata,O'Donoghue,aodonoghueky@people.com.cn,Female,218.222.17.38
Baoshan,Tallou,Leggan,tleggankz@wiley.com,Female,96.136.127.21
Guaratuba,Olav,Ridgewell,oridgewelll0@answers.com,Male,140.48.239.199
Thanh Nê,Yoshi,Chivers,ychiversl1@plala.or.jp,Female,111.152.229.126
Domalanoan,Sebastiano,Boggers,sboggersl2@bandcamp.com,Male,198.31.166.82
Seraya,Rock,Setterfield,rsetterfieldl3@tinypic.com,Male,156.248.186.11
Gongjiang,Nolie,Allday,nalldayl4@pbs.org,Female,147.241.99.69
Wu’erbu Baolige,Joshuah,Aluard,jaluardl5@naver.com,Male,184.163.14.195
Xiaoweizhai,Marcelline,Churchin,mchurchinl6@howstuffworks.com,Female,55.101.255.218
Matou,Vonnie,Rusbridge,vrusbridgel7@amazon.co.uk,Female,42.57.127.173
Paupanda Bawah,Powell,Capron,pcapronl8@state.gov,Male,187.208.48.195
Loacan,Onofredo,Jimmes,ojimmesl9@tmall.com,Male,19.41.141.19
Borås,Isabeau,Lynock,ilynockla@slashdot.org,Female,30.84.39.137
Lidingö,Tedman,Burrow,tburrowlb@hao123.com,Male,237.237.24.150
Kabuynan,Durand,Drayn,ddraynlc@vinaora.com,Male,5.235.135.36
Eskilstuna,Ariel,Costello,acostellold@vkontakte.ru,Male,33.192.131.34
Coja,Raymund,Heasman,rheasmanle@merriam-webster.com,Male,191.71.200.37
Datun,Tildie,Kearton,tkeartonlf@economist.com,Female,123.254.93.69
Shencun,Bayard,Jakubczyk,bjakubczyklg@jimdo.com,Male,82.108.61.105
Sugito,Kaspar,Byrd,kbyrdlh@ucla.edu,Male,96.188.183.224
Bystrzyca,Darill,Fassum,dfassumli@economist.com,Male,159.94.211.201
Gaïtánion,Scottie,Kenington,skeningtonlj@cyberchimps.com,Male,200.38.67.208
Zandak,Torey,Barthrup,tbarthruplk@webeden.co.uk,Male,9.60.207.209
Ban Pong,Tamiko,Alberti,talbertill@360.cn,Female,228.0.143.180
Goght’,Eberhard,Parkyns,eparkynslm@icio.us,Male,23.172.88.239
Yangqiao,Vaclav,Sporton,vsportonln@forbes.com,Male,61.71.125.33
Montelíbano,Roderic,Gronowe,rgronowelo@baidu.com,Male,5.20.221.247
Cañas,Allie,Garm,agarmlp@cdc.gov,Male,26.83.219.171
Podbuzh,Vinny,McWhirter,vmcwhirterlq@yellowpages.com,Female,250.10.212.57
Conchopata,Bevin,Fearnside,bfearnsidelr@whitehouse.gov,Male,222.224.190.240
Jeponkrajan,Leonelle,Wondraschek,lwondraschekls@cyberchimps.com,Female,75.55.147.132
Candoso,Sebastien,Vernon,svernonlt@soup.io,Male,120.22.21.177
Nevel’,Joice,Bunford,jbunfordlu@facebook.com,Female,92.248.112.28
Ostroróg,Dewain,Maggorini,dmaggorinilv@pagesperso-orange.fr,Male,251.17.215.210
Fujieda,Herculie,Badsey,hbadseylw@reverbnation.com,Male,53.27.90.192
Mpigi,Xerxes,Leimster,xleimsterlx@istockphoto.com,Male,236.64.56.97
Danzao,Cindee,Woollett,cwoollettly@sina.com.cn,Female,144.167.138.58
Jendouba,Forbes,Prodrick,fprodricklz@discovery.com,Male,178.80.9.193
Casablanca,Hilton,Illes,hillesm0@upenn.edu,Male,171.79.215.91
Minneapolis,Farrell,Duer,fduerm1@about.me,Male,129.167.255.33
Balun,Layne,Chuney,lchuneym2@slideshare.net,Female,206.218.89.143
Tiko,Ericha,Hanbidge,ehanbidgem3@unc.edu,Female,47.27.85.187
Kotikawatta,Lowell,Mawby,lmawbym4@xing.com,Male,215.247.117.170
Stanisław Górny,Carlita,Ambrosi,cambrosim5@skype.com,Female,146.35.72.73
Memphis,Weider,Leidecker,wleideckerm6@nhs.uk,Male,251.95.1.253
Cipari Satu,Dulce,Zoren,dzorenm7@cornell.edu,Female,104.153.178.78
Krasnokuts’k,Cindra,Angier,cangierm8@meetup.com,Female,27.178.200.8
Blatnica,Jeanie,Jubb,jjubbm9@wikia.com,Female,233.70.16.231
Leworook,Ailene,Ales0,aalesma@goodreads.com,Female,55.139.120.134
Nakhchivan,Dianna,Basterfield,dbasterfieldmb@cnn.com,Female,23.231.182.138
Cipicung Timur,Avictor,Epelett,aepelettmc@bbb.org,Male,215.76.226.92
Atlanta,Ignazio,Parsonson,iparsonsonmd@cpanel.net,Male,149.75.62.249
Bacalan,Dill,Kagan,dkaganme@flickr.com,Male,61.238.125.87
Horka nad Moravou,Udall,Pennino,upenninomf@yale.edu,Male,106.123.151.251
Telagasari,Jobey,Willes,jwillesmg@yahoo.co.jp,Female,184.7.122.102
Gobabis,Ellis,Middis,emiddismh@joomla.org,Male,172.47.253.54
Miliangju,Bamby,Lisle,blislemi@shareasale.com,Female,149.61.10.230
Takub,Lexie,Everleigh,leverleighmj@usa.gov,Female,13.55.68.164
Wenceslau Braz,Emmi,Coolbear,ecoolbearmk@aol.com,Female,44.200.10.222
Cabadiangan,Hube,McGillicuddy,hmcgillicuddyml@storify.com,Male,68.221.19.219
Kelīshād va Sūdarjān,Gussie,McMenamin,gmcmenaminmm@deviantart.com,Female,250.154.80.230
Jianrao,Tammara,Lotte,tlottemn@vkontakte.ru,Female,55.254.199.36
Gasri,Jamey,Pentland,jpentlandmo@loc.gov,Male,14.152.112.28
Vale de Vila,Natassia,Goacher,ngoachermp@aboutads.info,Female,209.224.214.131
Bergville,Erinna,Cantrill,ecantrillmq@jiathis.com,Female,251.240.138.112
Umuahia,Lovell,Garrie,lgarriemr@meetup.com,Male,175.126.129.54
Höviyn Am,Clary,Bartolomucci,cbartolomuccims@stumbleupon.com,Female,42.187.208.49
Seia,Trina,Weeden,tweedenmt@comcast.net,Female,79.22.32.27
Casal Novo,Cindelyn,Southby,csouthbymu@cpanel.net,Female,101.235.97.14
Kabba,Gwen,Matysiak,gmatysiakmv@hp.com,Female,209.83.33.209
Concordia,Philip,Pays,ppaysmw@jigsy.com,Male,169.31.49.61
Gucheng,Ashton,Sandon,asandonmx@macromedia.com,Male,155.105.89.163
Choibalsan,Tracey,Pryde,tprydemy@friendfeed.com,Female,208.37.204.115
Venda Nova,Malanie,Quimby,mquimbymz@wunderground.com,Female,70.143.146.143
Nantou,Mayne,Ellor,mellorn0@tripod.com,Male,164.9.65.177
Famaillá,Ax,Munehay,amunehayn1@hc360.com,Male,249.90.213.51
Barmash,Rollo,Billson,rbillsonn2@arstechnica.com,Male,105.136.19.159
Jianjiang,Elly,Glidden,egliddenn3@jugem.jp,Female,39.250.140.205
Caçador,Gretal,Leal,glealn4@twitter.com,Female,24.64.149.44
Fumin,Caresa,Raitt,craittn5@npr.org,Female,250.155.47.236
Nangang,Rafe,Attenborough,rattenboroughn6@arstechnica.com,Male,218.216.116.40
Ban Mai,Marchelle,Rayer,mrayern7@eepurl.com,Female,213.235.110.208
Malway,Abramo,Amort,aamortn8@booking.com,Male,77.61.42.187
Jaleswar,Taylor,Graine,tgrainen9@zimbio.com,Male,117.178.166.146
Bratsigovo,Jillian,Brain,jbrainna@economist.com,Female,193.252.232.20
Virje,Harwilll,Lyst,hlystnb@newsvine.com,Male,47.129.37.208
Jiazi,Carroll,Adenet,cadenetnc@vk.com,Female,173.187.223.208
Cikandang,Walton,Lockhart,wlockhartnd@time.com,Male,250.211.141.14
Vilarelho,Sawyere,Chelam,schelamne@printfriendly.com,Male,245.167.20.164
Zaliznychne,Celestina,Dikelin,cdikelinnf@bizjournals.com,Female,77.114.80.212
El Limón,Selig,Birkinshaw,sbirkinshawng@jigsy.com,Male,205.243.162.54
Panjgūr,Constantino,McCreery,cmccreerynh@cargocollective.com,Male,112.121.136.192
Aucallama,Laird,Creek,lcreekni@cnn.com,Male,178.106.134.190
Lallayug,Lacie,Cavet,lcavetnj@scientificamerican.com,Female,205.78.5.28
Kolondiéba,Arman,Yannoni,ayannonink@sina.com.cn,Male,232.38.65.180
Atlanta,Veronica,Hemeret,vhemeretnl@redcross.org,Female,193.222.250.71
Stockholm,Della,Kollaschek,dkollascheknm@oracle.com,Female,139.206.66.27
Margen,Marne,Crookall,mcrookallnn@psu.edu,Female,147.186.178.11
Gagnoa,Fabien,Crier,fcrierno@cbsnews.com,Male,40.59.27.127
Yezhou,Jermayne,Buckie,jbuckienp@amazon.com,Male,112.192.152.117
Santiago dos Velhos,Hoebart,Twydell,htwydellnq@xinhuanet.com,Male,200.196.200.125
Cibenda,Magdaia,Pendall,mpendallnr@github.com,Female,14.222.190.14
Tiegai,Leandra,Mitchley,lmitchleyns@shop-pro.jp,Female,1.184.196.211
Tromsø,Eldon,Ledrane,eledranent@boston.com,Male,27.63.154.93
Priyutovo,Walther,Game,wgamenu@boston.com,Male,157.100.117.135
Corpus Christi,Donall,Fockes,dfockesnv@naver.com,Male,11.243.220.82
’Unābah,Alis,Carik,acariknw@cargocollective.com,Female,132.117.93.162
Karlivka,Terence,Simonard,tsimonardnx@fc2.com,Male,228.249.182.120
Fanzeres,Erie,Bladesmith,ebladesmithny@pinterest.com,Male,111.248.23.79
Mauá,Christoph,Evison,cevisonnz@smugmug.com,Male,85.138.53.139
Phan Thong,Florian,Gorler,fgorlero0@com.com,Male,221.106.96.16
Baon,Emili,Autie,eautieo1@pinterest.com,Female,100.93.64.46
Ngilengan,Eward,Salters,esalterso2@odnoklassniki.ru,Male,162.33.70.252
Sindangan,Penny,Alessandrelli,palessandrellio3@meetup.com,Male,209.139.23.224
Santa Catalina - Dique Lujan,Meris,Kike,mkikeo4@example.com,Female,38.180.38.2
Jugezhuang,Woody,Calbaithe,wcalbaitheo5@wsj.com,Male,234.81.206.21
Al Ḩajar al Aswad,Norine,Labden,nlabdeno6@eepurl.com,Female,159.245.224.109
Hovorany,Clemens,Veldman,cveldmano7@tripadvisor.com,Male,195.131.186.133
Bouaflé,Walton,Calendar,wcalendaro8@ocn.ne.jp,Male,106.215.235.40
Jiangkou,Georgiana,Chamberlayne,gchamberlayneo9@hao123.com,Female,243.213.189.174
Huaribamba,Gleda,De Domenici,gdedomenicioa@purevolume.com,Female,131.232.6.17
Capitán Bado,Carleton,Nowlan,cnowlanob@ucla.edu,Male,78.221.37.151
Sayaxché,Connie,Cowwell,ccowwelloc@gmpg.org,Female,48.71.111.63
Khān Shaykhūn,Daniel,Lestor,dlestorod@wikia.com,Male,72.132.34.253
Port-Cartier,Lemuel,Insole,linsoleoe@list-manage.com,Male,228.48.26.94
Nesterovskaya,Hogan,Gerardeaux,hgerardeauxof@google.com.hk,Male,211.117.169.38
Maicao,Alix,Kay,akayog@example.com,Male,12.30.249.211
Heping,Lavinia,Attard,lattardoh@wikimedia.org,Female,7.37.19.26
Nīshābūr,Arman,Rixon,arixonoi@studiopress.com,Male,160.179.108.241
Lubniewice,Taber,Sone,tsoneoj@blogtalkradio.com,Male,97.135.61.97
Mollas,Culley,Gerardin,cgerardinok@newyorker.com,Male,97.12.207.211
Sepit,Daryn,Pawling,dpawlingol@stumbleupon.com,Female,36.167.231.82
Kwatarkwashi,Cathryn,Seeks,cseeksom@economist.com,Female,232.240.119.238
Mapiri,Jackelyn,Cannicott,jcannicotton@wsj.com,Female,129.18.123.128
Zelenodolsk,Melosa,Minguet,mminguetoo@ucsd.edu,Female,200.140.149.125
Tālīn,Burgess,Antram,bantramop@amazon.de,Male,251.208.144.67
New York City,Barty,Coupman,bcoupmanoq@nasa.gov,Male,84.77.20.66
Santo Antônio do Monte,Amalle,Barclay,abarclayor@statcounter.com,Female,61.85.172.167
Tahala,Aura,Ianiello,aianielloos@ocn.ne.jp,Female,165.240.182.32
Melun,Waverley,Bagenal,wbagenalot@slate.com,Male,14.169.165.129
Toliara,Allyn,McFayden,amcfaydenou@stanford.edu,Male,221.60.44.210
Vale Boeiro,Corbin,Cardno,ccardnoov@vinaora.com,Male,85.178.0.27
San Roque,Annabel,Swett,aswettow@diigo.com,Female,227.146.118.179
Xijiao,Fulvia,Huc,fhucox@over-blog.com,Female,99.8.99.171
Närpes,Hardy,Venditto,hvendittooy@rakuten.co.jp,Male,127.97.134.243
Tarxien,Devin,Sleney,dsleneyoz@icio.us,Female,187.4.250.1
Anfusi,Brunhilde,Yeates,byeatesp0@networkadvertising.org,Female,26.51.48.145
Karangjaladri,Anastasia,Fortie,afortiep1@icio.us,Female,120.62.5.46
Pampanito,Jayme,Seydlitz,jseydlitzp2@last.fm,Female,22.112.127.53
Miracema,Kathlin,Petto,kpettop3@spotify.com,Female,187.102.199.99
Saguiaran,Eveline,Ivushkin,eivushkinp4@amazon.de,Female,122.77.64.200
San Jose,Jarib,McCroary,jmccroaryp5@sun.com,Male,155.241.17.25
Springfield,Hailey,Lightowlers,hlightowlersp6@amazonaws.com,Male,254.75.45.183
Rzhavki,Sylvia,Kenworthey,skenwortheyp7@sciencedirect.com,Female,254.195.16.145
Rockford,Trudy,Spinola,tspinolap8@telegraph.co.uk,Female,125.189.115.12
Laspezia,Shandeigh,Dutteridge,sdutteridgep9@yolasite.com,Female,153.118.89.16
Huayana,Hillier,McClay,hmcclaypa@boston.com,Male,3.90.213.213
Avelar,Jack,Spollen,jspollenpb@feedburner.com,Male,154.100.243.95
Tovačov,Evelina,Rohlfing,erohlfingpc@histats.com,Female,67.126.249.154
Sanligang,Xever,Croxley,xcroxleypd@irs.gov,Male,176.206.113.174
Suphan Buri,Loren,Arter,larterpe@paginegialle.it,Male,130.228.41.253
Newtown,Reggi,Murdy,rmurdypf@com.com,Female,60.231.69.188
Chishui,Rodd,Trowbridge,rtrowbridgepg@shinystat.com,Male,153.50.95.183
Poste de Flacq,Ethelin,Audas,eaudasph@soundcloud.com,Female,67.221.215.27
Phonphisai,Janessa,Landrieu,jlandrieupi@reddit.com,Female,75.102.3.76
Xihongmen,Xever,Brandle,xbrandlepj@cam.ac.uk,Male,87.127.160.194
Koina,Angil,Chandler,achandlerpk@ihg.com,Female,114.192.88.228
Mukacheve,Panchito,Thinn,pthinnpl@ow.ly,Male,167.17.219.211
Patrang,Maddy,Foxall,mfoxallpm@addtoany.com,Male,179.52.59.189
Jinzhou,Arlyn,Frandsen,afrandsenpn@arstechnica.com,Female,66.85.253.195
Amirdzhan,Luella,McLeese,lmcleesepo@prlog.org,Female,56.179.3.25
Ondores,Sabina,Ozelton,sozeltonpp@prweb.com,Female,157.159.159.128
Couto,Des,Flear,dflearpq@gravatar.com,Male,178.209.142.185
Banyo,Kelci,Martine,kmartinepr@abc.net.au,Female,208.137.139.203
Shuikou,Teador,Canto,tcantops@gmpg.org,Male,33.197.74.209
Shahkot,Laurel,Drugan,ldruganpt@issuu.com,Female,113.72.165.153
Frutillar,Kingsly,Tuminelli,ktuminellipu@slashdot.org,Male,84.144.227.162
Dongcheng,Hatty,Joder,hjoderpv@indiegogo.com,Female,82.189.234.112
Soroca,Belita,Please,bpleasepw@sina.com.cn,Female,155.32.2.160
Karangdalam,Terrill,Bartell,tbartellpx@umich.edu,Male,140.184.65.134
Mabalacat,Denys,Eastbury,deastburypy@photobucket.com,Male,54.249.194.81
Sagay,Stella,Buske,sbuskepz@de.vu,Female,85.81.53.43
Kensington,Inness,Drivers,idriversq0@scientificamerican.com,Male,188.195.84.255
Nuing,Kamillah,Harbord,kharbordq1@wp.com,Female,64.122.128.253
Providencia,Linoel,Jeffes,ljeffesq2@china.com.cn,Male,10.25.102.92
Malinaw,Patricio,Eytel,peytelq3@godaddy.com,Male,160.213.11.103
Tiwi,Durand,Blaymires,dblaymiresq4@discovery.com,Male,9.130.214.42
Fonte da Vaca,Correy,Revie,crevieq5@timesonline.co.uk,Female,190.147.73.248
Aubagne,Murielle,Shwalbe,mshwalbeq6@wikimedia.org,Female,77.22.178.157
Tlogowungu,Tris,Rodman,trodmanq7@jalbum.net,Male,75.229.4.41
Jinshan,Abba,de Banke,adebankeq8@independent.co.uk,Male,39.150.122.20
Mulan,Pail,Scase,pscaseq9@mit.edu,Male,86.142.144.223
Pushkino,Roberto,Vink,rvinkqa@google.nl,Male,129.192.80.18
Jiangwan,Waldon,McGillivrie,wmcgillivrieqb@chronoengine.com,Male,17.219.60.53
Wulong,Karola,Fenwick,kfenwickqc@apple.com,Female,237.90.97.31
Paradyż,Haskel,Golden,hgoldenqd@paypal.com,Male,76.209.149.209
Cam Lâm,Elysha,Cafferky,ecafferkyqe@lulu.com,Female,94.247.223.223
Bragança,Eleanora,Holley,eholleyqf@pinterest.com,Female,114.222.79.80
Carmen,Andra,Brigstock,abrigstockqg@skyrock.com,Female,86.220.91.110
Xichang,Rodge,Croad,rcroadqh@cornell.edu,Male,155.58.57.243
Xinzhu,Thomasine,Burren,tburrenqi@bigcartel.com,Female,46.58.74.214
Shushenskoye,Antonietta,Tedorenko,atedorenkoqj@examiner.com,Female,247.186.160.79
Saxin,Blair,Seekings,bseekingsqk@sogou.com,Female,57.140.77.139
Asempapan,Billi,Swannie,bswannieql@rambler.ru,Female,38.96.73.49
San Roque,Leigha,Brou,lbrouqm@hibu.com,Female,100.240.138.133
Itajuípe,Fara,Bunstone,fbunstoneqn@java.com,Female,61.236.190.126
Termas de Río Hondo,Rolando,Antoniak,rantoniakqo@exblog.jp,Male,127.117.99.81
Descalvado,Fredericka,Orred,forredqp@paginegialle.it,Female,190.47.31.4
Alagoinhas,Evangeline,Barlas,ebarlasqq@msn.com,Female,233.157.106.161
Moijabana,Garwin,Tolworthie,gtolworthieqr@a8.net,Male,62.110.231.86
Blumbang,Giff,Zaniolini,gzanioliniqs@github.io,Male,219.181.163.153
Dassa-Zoumé,Georgianna,Moyers,gmoyersqt@clickbank.net,Female,89.83.139.61
Xin’an,Afton,Costanza,acostanzaqu@miitbeian.gov.cn,Female,139.176.228.155
Mahajanga,Abrahan,Keyes,akeyesqv@latimes.com,Male,137.111.65.45
Nordeste,Allina,Cossans,acossansqw@umich.edu,Female,12.91.141.43
Kromy,Ciel,Candy,ccandyqx@businessweek.com,Female,223.158.16.42
Alcorriol,Dolli,Barwood,dbarwoodqy@netscape.com,Female,7.177.197.58
Menanga,Kelsey,Golby,kgolbyqz@moonfruit.com,Male,137.200.219.161
Kalahang,Cherie,Dandie,cdandier0@hud.gov,Female,216.39.176.11
Huangtang,Harwell,Gillian,hgillianr1@fotki.com,Male,202.57.74.227
Hernani,Enoch,Sayle,esayler2@godaddy.com,Male,95.121.254.187
Horodok,Kirbee,Nobriga,knobrigar3@addthis.com,Female,168.16.55.235
Camp Diable,Port,Papworth,ppapworthr4@tamu.edu,Male,141.87.104.23
Serra de Santa Marinha,Erminia,Clement,eclementr5@slideshare.net,Female,119.185.218.140
Santa Fe de la Vera Cruz,Marrissa,Peele,mpeeler6@psu.edu,Female,103.124.60.190
Kangasala,Pearla,Janko,pjankor7@delicious.com,Female,236.6.15.14
Athabasca,Delmore,Skayman,dskaymanr8@pagesperso-orange.fr,Male,138.104.97.109
Sterlitamak,Chucho,Barnham,cbarnhamr9@dailymail.co.uk,Male,39.110.187.252
Huangtang,Clevie,Neumann,cneumannra@pbs.org,Male,25.44.131.145
Zekou,Tracee,Ronchetti,tronchettirb@amazon.co.jp,Female,61.17.129.103
Kovdor,Dela,Avramovic,davramovicrc@state.gov,Female,253.2.105.96
Sukarame,Fiona,Kingcote,fkingcoterd@histats.com,Female,89.56.86.79
Caihe,Mildred,Saddington,msaddingtonre@slashdot.org,Female,204.184.226.82
Nueva Manoa,Sigrid,Poxson,spoxsonrf@cargocollective.com,Female,140.154.73.154
Konstantinovsk,Abel,Caddie,acaddierg@miibeian.gov.cn,Male,119.119.57.13
Yungay,Kory,Dunstan,kdunstanrh@facebook.com,Male,64.57.183.130
Paizhou,Adrian,McGivena,amcgivenari@bing.com,Male,242.15.48.146
Guangshan Chengguanzhen,Laurent,Aizikovich,laizikovichrj@seattletimes.com,Male,252.170.149.54
Puncaksari,Rafaela,Sergent,rsergentrk@furl.net,Female,166.64.189.253
Chumen,Georgie,Greene,ggreenerl@google.com.hk,Male,183.239.110.83
Bromma,Anjanette,Redshaw,aredshawrm@spotify.com,Female,67.200.59.130
Lianghu,Dalt,Johnson,djohnsonrn@google.de,Male,120.21.254.64
Isiolo,Stearn,MacKessock,smackessockro@woothemes.com,Male,6.0.121.201
Stryszawa,Logan,Cominoli,lcominolirp@free.fr,Male,227.201.244.177
Ágios Efstrátios,Edithe,Massard,emassardrq@ebay.co.uk,Female,77.231.7.93
Bajram Curri,Rudolfo,Mathou,rmathourr@state.tx.us,Male,125.2.131.117
